 ,Label,Area,Mean,StdDev,Mode,Min,Max,X,Y,XM,YM,Perim.,BX,BY,Width,Height,Major,Minor,Angle,Circ.,Feret,IntDen,Median,Skew,Kurt,%Area,RawIntDen,FeretX,FeretY,FeretAngle,MinFeret,AR,Round,Solidity
1,MLC_F1_11-20-23_(green)_(0-105).tif,40000,15.306,60.572,0,0,255,100.000,100.000,102.778,110.754,800.000,0,0,200,200,225.676,225.676,0.000,0.785,282.843,612255,0,3.705,11.724,6.003,612255,0,0,135.000,200.000,1.000,1.000,1.000
2,MLC_F1_11-20-23_(green)_(0-105).tif,9,255.000,0.000,255,255,255,32.611,1.944,32.611,1.944,10.485,31,0,3,4,4.563,2.511,116.565,1.000,5.000,2295,255,NaN,NaN,100.000,2295,31,0,126.870,3.000,1.817,0.550,0.857
3,MLC_F1_11-20-23_(green)_(0-105).tif,1,255.000,0.000,255,255,255,77.500,0.500,77.500,0.500,2.828,77,0,1,1,1.128,1.128,0.000,1.000,1.414,255,255,NaN,NaN,100.000,255,77,0,135.000,1.000,1.000,1.000,1.000
4,MLC_F1_11-20-23_(green)_(0-105).tif,2,255.000,0.000,255,255,255,105.500,1.000,105.500,1.000,4.828,105,0,1,2,2.257,1.128,90.000,1.000,2.236,510,255,NaN,NaN,100.000,510,105,0,116.565,1.000,2.000,0.500,1.000
5,MLC_F1_11-20-23_(green)_(0-105).tif,34,255.000,0.000,255,255,255,73.265,8.765,73.265,8.765,22.971,70,5,6,8,8.438,5.131,77.340,0.810,8.944,8670,255,NaN,NaN,100.000,8670,72,13,63.435,6.000,1.645,0.608,0.840
6,MLC_F1_11-20-23_(green)_(0-105).tif,15,255.000,0.000,255,255,255,32.900,15.700,32.900,15.700,17.071,31,12,3,7,7.784,2.453,85.935,0.647,7.616,3825,255,NaN,NaN,100.000,3825,31,19,66.801,3.000,3.173,0.315,0.833
7,MLC_F1_11-20-23_(green)_(0-105).tif,60,255.000,0.000,255,255,255,103.617,23.633,103.617,23.633,43.456,99,17,11,11,9.140,8.359,106.526,0.399,12.207,15300,255,NaN,NaN,100.000,15300,99,27,55.008,10.733,1.093,0.915,0.682
8,MLC_F1_11-20-23_(green)_(0-105).tif,7,255.000,0.000,255,255,255,74.500,19.500,74.500,19.500,8.485,73,18,3,3,3.772,2.363,45.000,1.000,4.243,1785,255,NaN,NaN,100.000,1785,73,21,45.000,2.828,1.596,0.626,0.875
9,MLC_F1_11-20-23_(green)_(0-105).tif,1,255.000,0.000,255,255,255,149.500,19.500,149.500,19.500,2.828,149,19,1,1,1.128,1.128,0.000,1.000,1.414,255,255,NaN,NaN,100.000,255,149,19,135.000,1.000,1.000,1.000,1.000
10,MLC_F1_11-20-23_(green)_(0-105).tif,5,255.000,0.000,255,255,255,74.900,24.700,74.900,24.700,7.657,74,23,2,3,3.144,2.025,108.435,1.000,3.606,1275,255,NaN,NaN,100.000,1275,74,23,123.690,2.000,1.553,0.644,0.909
11,MLC_F1_11-20-23_(green)_(0-105).tif,12,255.000,0.000,255,255,255,180.167,26.000,180.167,26.000,11.899,178,24,4,4,4.424,3.454,142.762,1.000,5.000,3060,255,NaN,NaN,100.000,3060,179,24,126.870,4.000,1.281,0.781,0.857
12,MLC_F1_11-20-23_(green)_(0-105).tif,39,255.000,0.000,255,255,255,32.397,36.474,32.397,36.474,26.142,30,31,5,11,10.140,4.897,92.863,0.717,11.045,9945,255,NaN,NaN,100.000,9945,32,31,95.194,5.000,2.071,0.483,0.867
13,MLC_F1_11-20-23_(green)_(0-105).tif,2,255.000,0.000,255,255,255,53.500,36.000,53.500,36.000,4.828,53,35,1,2,2.257,1.128,90.000,1.000,2.236,510,255,NaN,NaN,100.000,510,53,35,116.565,1.000,2.000,0.500,1.000
14,MLC_F1_11-20-23_(green)_(0-105).tif,2,255.000,0.000,255,255,255,132.500,39.000,132.500,39.000,4.828,132,38,1,2,2.257,1.128,90.000,1.000,2.236,510,255,NaN,NaN,100.000,510,132,38,116.565,1.000,2.000,0.500,1.000
15,MLC_F1_11-20-23_(green)_(0-105).tif,47,255.000,0.000,255,255,255,154.904,42.989,154.904,42.989,25.799,151,38,7,10,9.426,6.348,93.774,0.887,10.198,11985,255,NaN,NaN,100.000,11985,154,38,101.310,7.000,1.485,0.673,0.855
16,MLC_F1_11-20-23_(green)_(0-105).tif,208,255.000,0.000,255,255,255,107.933,59.538,107.933,59.538,86.184,97,42,21,26,19.599,13.513,28.365,0.352,29.206,53040,255,NaN,NaN,100.000,53040,100,65,51.953,18.194,1.450,0.689,0.578
17,MLC_F1_11-20-23_(green)_(0-105).tif,2,255.000,0.000,255,255,255,72.000,44.500,72.000,44.500,4.243,71,44,2,1,2.257,1.128,0.000,1.000,2.236,510,255,NaN,NaN,100.000,510,71,44,153.435,1.000,2.000,0.500,1.000
18,MLC_F1_11-20-23_(green)_(0-105).tif,1,255.000,0.000,255,255,255,135.500,44.500,135.500,44.500,2.828,135,44,1,1,1.128,1.128,0.000,1.000,1.414,255,255,NaN,NaN,100.000,255,135,44,135.000,1.000,1.000,1.000,1.000
19,MLC_F1_11-20-23_(green)_(0-105).tif,13,255.000,0.000,255,255,255,38.885,48.038,38.885,48.038,12.485,37,46,4,4,4.899,3.378,129.265,1.000,5.657,3315,255,NaN,NaN,100.000,3315,37,46,135.000,4.000,1.450,0.690,0.897
20,MLC_F1_11-20-23_(green)_(0-105).tif,6,255.000,0.000,255,255,255,134.833,49.333,134.833,49.333,9.657,134,47,2,4,4.134,1.848,102.933,0.809,4.472,1530,255,NaN,NaN,100.000,1530,134,47,116.565,2.000,2.237,0.447,0.857
21,MLC_F1_11-20-23_(green)_(0-105).tif,2,255.000,0.000,255,255,255,72.500,54.000,72.500,54.000,4.828,72,53,1,2,2.257,1.128,90.000,1.000,2.236,510,255,NaN,NaN,100.000,510,72,53,116.565,1.000,2.000,0.500,1.000
22,MLC_F1_11-20-23_(green)_(0-105).tif,208,255.000,0.000,255,255,255,158.490,73.668,158.490,73.668,81.012,151,56,13,32,29.323,9.032,99.189,0.398,33.526,53040,255,NaN,NaN,100.000,53040,152,56,107.354,11.727,3.247,0.308,0.693
23,MLC_F1_11-20-23_(green)_(0-105).tif,3,255.000,0.000,255,255,255,74.833,59.167,74.833,59.167,5.657,74,58,2,2,2.365,1.615,135.000,1.000,2.828,765,255,NaN,NaN,100.000,765,74,58,135.000,2.000,1.464,0.683,0.857
24,MLC_F1_11-20-23_(green)_(0-105).tif,13,255.000,0.000,255,255,255,73.423,66.192,73.423,66.192,20.728,72,62,4,7,5.935,2.789,94.387,0.380,7.616,3315,255,NaN,NaN,100.000,3315,72,69,66.801,4.000,2.128,0.470,0.531
25,MLC_F1_11-20-23_(green)_(0-105).tif,4,255.000,0.000,255,255,255,128.250,63.250,128.250,63.250,7.657,127,62,2,3,3.192,1.596,108.435,0.857,3.606,1020,255,NaN,NaN,100.000,1020,127,62,123.690,2.000,2.000,0.500,0.800
26,MLC_F1_11-20-23_(green)_(0-105).tif,1,255.000,0.000,255,255,255,131.500,65.500,131.500,65.500,2.828,131,65,1,1,1.128,1.128,0.000,1.000,1.414,255,255,NaN,NaN,100.000,255,131,65,135.000,1.000,1.000,1.000,1.000
27,MLC_F1_11-20-23_(green)_(0-105).tif,134,255.000,0.000,255,255,255,36.903,76.351,36.903,76.351,48.042,32,67,10,18,19.079,8.942,100.468,0.730,18.974,34170,255,NaN,NaN,100.000,34170,34,67,108.435,9.700,2.134,0.469,0.893
28,MLC_F1_11-20-23_(green)_(0-105).tif,9,255.000,0.000,255,255,255,114.833,69.389,114.833,69.389,13.314,113,67,4,5,5.175,2.214,125.783,0.638,6.403,2295,255,NaN,NaN,100.000,2295,113,67,128.660,3.130,2.337,0.428,0.667
29,MLC_F1_11-20-23_(green)_(0-105).tif,2,255.000,0.000,255,255,255,128.000,68.000,128.000,68.000,5.657,127,67,2,2,2.596,0.981,45.000,0.785,2.828,510,255,NaN,NaN,100.000,510,127,69,45.000,1.414,2.646,0.378,0.667
30,MLC_F1_11-20-23_(green)_(0-105).tif,11,255.000,0.000,255,255,255,127.955,71.682,127.955,71.682,14.728,125,70,6,3,5.212,2.687,6.297,0.637,6.325,2805,255,NaN,NaN,100.000,2805,125,72,18.435,3.000,1.939,0.516,0.710
31,MLC_F1_11-20-23_(green)_(0-105).tif,36,255.000,0.000,255,255,255,74.944,76.889,74.944,76.889,32.971,72,71,5,14,13.268,3.455,104.811,0.416,14.866,9180,255,NaN,NaN,100.000,9180,72,71,109.654,4.851,3.841,0.260,0.742
32,MLC_F1_11-20-23_(green)_(0-105).tif,8,255.000,0.000,255,255,255,128.000,83.000,128.000,83.000,9.657,127,81,2,4,4.514,2.257,90.000,1.000,4.472,2040,255,NaN,NaN,100.000,2040,127,81,116.565,2.000,2.000,0.500,1.000
33,MLC_F1_11-20-23_(green)_(0-105).tif,7,255.000,0.000,255,255,255,75.643,90.071,75.643,90.071,13.314,73,88,5,4,4.480,1.989,141.868,0.496,5.831,1785,255,NaN,NaN,100.000,1785,73,89,149.036,3.328,2.252,0.444,0.538
34,MLC_F1_11-20-23_(green)_(0-105).tif,133,255.000,0.000,255,255,255,105.538,97.485,105.538,97.485,44.870,100,89,11,17,16.142,10.491,79.175,0.830,17.464,33915,255,NaN,NaN,100.000,33915,104,106,76.759,11.000,1.539,0.650,0.881
35,MLC_F1_11-20-23_(green)_(0-105).tif,12,255.000,0.000,255,255,255,129.500,91.833,129.500,91.833,15.314,127,89,5,5,4.606,3.317,52.466,0.643,5.831,3060,255,NaN,NaN,100.000,3060,127,94,59.036,4.472,1.388,0.720,0.706
36,MLC_F1_11-20-23_(green)_(0-105).tif,29,255.000,0.000,255,255,255,18.776,95.741,18.776,95.741,24.142,16,91,5,10,10.467,3.528,110.460,0.625,11.180,7395,255,NaN,NaN,100.000,7395,16,91,116.565,4.427,2.967,0.337,0.806
37,MLC_F1_11-20-23_(green)_(0-105).tif,1,255.000,0.000,255,255,255,117.500,94.500,117.500,94.500,2.828,117,94,1,1,1.128,1.128,0.000,1.000,1.414,255,255,NaN,NaN,100.000,255,117,94,135.000,1.000,1.000,1.000,1.000
38,MLC_F1_11-20-23_(green)_(0-105).tif,3,255.000,0.000,255,255,255,116.500,98.500,116.500,98.500,6.828,116,97,1,3,3.385,1.128,90.000,0.809,3.162,765,255,NaN,NaN,100.000,765,116,97,108.435,1.000,3.000,0.333,1.000
39,MLC_F1_11-20-23_(green)_(0-105).tif,2,255.000,0.000,255,255,255,130.500,100.000,130.500,100.000,4.828,130,99,1,2,2.257,1.128,90.000,1.000,2.236,510,255,NaN,NaN,100.000,510,130,99,116.565,1.000,2.000,0.500,1.000
40,MLC_F1_11-20-23_(green)_(0-105).tif,146,255.000,0.000,255,255,255,42.349,116.027,42.349,116.027,57.698,37,104,11,24,23.020,8.075,77.322,0.551,24.331,37230,255,NaN,NaN,100.000,37230,40,128,80.538,9.740,2.851,0.351,0.804
41,MLC_F1_11-20-23_(green)_(0-105).tif,132,255.000,0.000,255,255,255,161.341,116.174,161.341,116.174,63.456,158,104,7,27,28.253,5.949,88.242,0.412,27.295,33660,255,NaN,NaN,100.000,33660,160,131,81.573,7.000,4.750,0.211,0.802
42,MLC_F1_11-20-23_(green)_(0-105).tif,7,255.000,0.000,255,255,255,76.214,109.786,76.214,109.786,10.485,75,108,3,4,4.044,2.204,116.063,0.800,5.000,1785,255,NaN,NaN,100.000,1785,75,108,126.870,2.846,1.835,0.545,0.737
43,MLC_F1_11-20-23_(green)_(0-105).tif,2,255.000,0.000,255,255,255,121.000,113.000,121.000,113.000,5.657,120,112,2,2,2.596,0.981,135.000,0.785,2.828,510,255,NaN,NaN,100.000,510,120,112,135.000,1.414,2.646,0.378,0.667
44,MLC_F1_11-20-23_(green)_(0-105).tif,29,255.000,0.000,255,255,255,75.638,116.431,75.638,116.431,28.385,72,113,7,8,6.568,5.622,93.997,0.452,9.434,7395,255,NaN,NaN,100.000,7395,74,121,57.995,7.000,1.168,0.856,0.637
45,MLC_F1_11-20-23_(green)_(0-105).tif,47,255.000,0.000,255,255,255,89.585,118.798,89.585,118.798,28.971,86,113,6,12,11.231,5.328,98.149,0.704,12.649,11985,255,NaN,NaN,100.000,11985,88,113,108.435,6.000,2.108,0.474,0.817
46,MLC_F1_11-20-23_(green)_(0-105).tif,2,255.000,0.000,255,255,255,177.500,116.000,177.500,116.000,4.828,177,115,1,2,2.257,1.128,90.000,1.000,2.236,510,255,NaN,NaN,100.000,510,177,115,116.565,1.000,2.000,0.500,1.000
47,MLC_F1_11-20-23_(green)_(0-105).tif,3,255.000,0.000,255,255,255,120.500,117.500,120.500,117.500,6.828,120,116,1,3,3.385,1.128,90.000,0.809,3.162,765,255,NaN,NaN,100.000,765,120,116,108.435,1.000,3.000,0.333,1.000
48,MLC_F1_11-20-23_(green)_(0-105).tif,1,255.000,0.000,255,255,255,122.500,119.500,122.500,119.500,2.828,122,119,1,1,1.128,1.128,0.000,1.000,1.414,255,255,NaN,NaN,100.000,255,122,119,135.000,1.000,1.000,1.000,1.000
49,MLC_F1_11-20-23_(green)_(0-105).tif,1,255.000,0.000,255,255,255,119.500,120.500,119.500,120.500,2.828,119,120,1,1,1.128,1.128,0.000,1.000,1.414,255,255,NaN,NaN,100.000,255,119,120,135.000,1.000,1.000,1.000,1.000
50,MLC_F1_11-20-23_(green)_(0-105).tif,19,255.000,0.000,255,255,255,129.868,129.711,129.868,129.711,15.899,128,127,4,6,6.377,3.794,66.173,0.944,7.211,4845,255,NaN,NaN,100.000,4845,128,133,56.310,4.000,1.681,0.595,0.884
51,MLC_F1_11-20-23_(green)_(0-105).tif,52,255.000,0.000,255,255,255,102.231,137.212,102.231,137.212,38.627,98,129,8,15,11.579,5.718,100.010,0.438,15.133,13260,255,NaN,NaN,100.000,13260,101,129,97.595,7.276,2.025,0.494,0.654
52,MLC_F1_11-20-23_(green)_(0-105).tif,13,255.000,0.000,255,255,255,61.808,132.808,61.808,132.808,14.728,60,130,4,5,5.087,3.254,111.938,0.753,5.831,3315,255,NaN,NaN,100.000,3315,61,130,120.964,4.000,1.563,0.640,0.743
53,MLC_F1_11-20-23_(green)_(0-105).tif,23,255.000,0.000,255,255,255,88.196,134.109,88.196,134.109,22.142,86,130,4,9,8.760,3.343,102.700,0.590,9.487,5865,255,NaN,NaN,100.000,5865,86,130,108.435,4.000,2.621,0.382,0.742
54,MLC_F1_11-20-23_(green)_(0-105).tif,47,255.000,0.000,255,255,255,79.585,149.713,79.585,149.713,46.971,77,139,5,21,19.549,3.061,92.997,0.268,21.095,11985,255,NaN,NaN,100.000,11985,79,139,95.440,4.132,6.386,0.157,0.639
55,MLC_F1_11-20-23_(green)_(0-105).tif,84,255.000,0.000,255,255,255,111.071,145.810,111.071,145.810,35.213,107,139,8,14,12.865,8.313,90.349,0.851,14.142,21420,255,NaN,NaN,100.000,21420,110,139,98.130,8.000,1.547,0.646,0.908
56,MLC_F1_11-20-23_(green)_(0-105).tif,100,255.000,0.000,255,255,255,159.330,147.980,159.330,147.980,42.627,155,139,8,18,17.135,7.431,96.714,0.692,18.439,25500,255,NaN,NaN,100.000,25500,158,139,102.529,8.000,2.306,0.434,0.885
57,MLC_F1_11-20-23_(green)_(0-105).tif,20,255.000,0.000,255,255,255,127.500,146.550,127.500,146.550,17.314,125,143,4,7,7.094,3.590,87.756,0.838,7.280,5100,255,NaN,NaN,100.000,5100,127,143,105.945,4.000,1.976,0.506,0.870
58,MLC_F1_11-20-23_(green)_(0-105).tif,45,255.000,0.000,255,255,255,132.211,157.233,132.211,157.233,38.971,130,148,4,17,15.194,3.771,89.642,0.372,17.117,11475,255,NaN,NaN,100.000,11475,132,165,83.290,4.000,4.029,0.248,0.804
59,MLC_F1_11-20-23_(green)_(0-105).tif,75,255.000,0.000,255,255,255,63.287,157.727,63.287,157.727,34.627,60,151,7,14,13.889,6.875,88.503,0.786,14.142,19125,255,NaN,NaN,100.000,19125,62,151,98.130,7.000,2.020,0.495,0.893
60,MLC_F1_11-20-23_(green)_(0-105).tif,1,255.000,0.000,255,255,255,140.500,151.500,140.500,151.500,2.828,140,151,1,1,1.128,1.128,0.000,1.000,1.414,255,255,NaN,NaN,100.000,255,140,151,135.000,1.000,1.000,1.000,1.000
61,MLC_F1_11-20-23_(green)_(0-105).tif,13,255.000,0.000,255,255,255,143.962,152.500,143.962,152.500,13.899,142,151,5,4,5.263,3.145,28.301,0.846,6.403,3315,255,NaN,NaN,100.000,3315,142,155,38.660,4.000,1.673,0.598,0.867
62,MLC_F1_11-20-23_(green)_(0-105).tif,16,255.000,0.000,255,255,255,36.938,160.875,36.938,160.875,15.314,35,158,4,6,5.817,3.502,106.381,0.857,6.325,4080,255,NaN,NaN,100.000,4080,36,158,108.435,4.000,1.661,0.602,0.821
63,MLC_F1_11-20-23_(green)_(0-105).tif,53,255.000,0.000,255,255,255,118.066,163.255,118.066,163.255,27.556,115,158,6,11,10.729,6.290,89.631,0.877,11.402,13515,255,NaN,NaN,100.000,13515,117,169,74.745,6.000,1.706,0.586,0.914
64,MLC_F1_11-20-23_(green)_(0-105).tif,16,255.000,0.000,255,255,255,174.000,163.500,174.000,163.500,14.485,172,161,4,5,5.819,3.501,63.937,0.958,6.403,4080,255,NaN,NaN,100.000,4080,172,166,51.340,4.000,1.662,0.602,0.889
65,MLC_F1_11-20-23_(green)_(0-105).tif,42,255.000,0.000,255,255,255,51.238,171.238,51.238,171.238,31.556,48,165,6,13,14.490,3.691,107.840,0.530,14.318,10710,255,NaN,NaN,100.000,10710,48,165,114.775,4.427,3.926,0.255,0.824
66,MLC_F1_11-20-23_(green)_(0-105).tif,132,255.000,0.000,255,255,255,143.364,178.295,143.364,178.295,59.698,139,167,9,23,21.590,7.785,87.694,0.465,23.537,33660,255,NaN,NaN,100.000,33660,142,190,77.735,8.830,2.773,0.361,0.776
67,MLC_F1_11-20-23_(green)_(0-105).tif,7,255.000,0.000,255,255,255,38.071,169.786,38.071,169.786,9.657,37,168,2,4,4.154,2.146,98.350,0.943,4.472,1785,255,NaN,NaN,100.000,1785,37,168,116.565,2.000,1.936,0.517,0.933
68,MLC_F1_11-20-23_(green)_(0-105).tif,53,255.000,0.000,255,255,255,67.179,173.179,67.179,173.179,27.314,63,169,8,8,8.983,7.512,24.162,0.893,10.630,13515,255,NaN,NaN,100.000,13515,63,176,41.186,7.845,1.196,0.836,0.914
69,MLC_F1_11-20-23_(green)_(0-105).tif,5,255.000,0.000,255,255,255,40.100,175.900,40.100,175.900,9.657,39,174,2,4,4.076,1.562,110.994,0.674,4.472,1275,255,NaN,NaN,100.000,1275,39,174,116.565,2.000,2.610,0.383,0.769
70,MLC_F1_11-20-23_(green)_(0-105).tif,7,255.000,0.000,255,255,255,72.786,181.500,72.786,181.500,9.071,71,180,3,3,3.086,2.888,90.000,1.000,3.606,1785,255,NaN,NaN,100.000,1785,72,180,123.690,3.000,1.069,0.936,0.875
71,MLC_F1_11-20-23_(green)_(0-105).tif,67,255.000,0.000,255,255,255,57.022,191.052,57.022,191.052,32.385,54,184,7,13,13.080,6.522,102.622,0.803,13.601,17085,255,NaN,NaN,100.000,17085,55,184,107.103,7.000,2.005,0.499,0.905
72,MLC_F1_11-20-23_(green)_(0-105).tif,1,255.000,0.000,255,255,255,96.500,184.500,96.500,184.500,2.828,96,184,1,1,1.128,1.128,0.000,1.000,1.414,255,255,NaN,NaN,100.000,255,96,184,135.000,1.000,1.000,1.000,1.000
73,MLC_F1_11-20-23_(green)_(0-105).tif,20,255.000,0.000,255,255,255,157.750,188.150,157.750,188.150,19.314,155,184,5,7,6.900,3.690,73.498,0.674,8.062,5100,255,NaN,NaN,100.000,5100,155,191,60.255,4.427,1.870,0.535,0.784
74,MLC_F1_11-20-23_(green)_(0-105).tif,6,255.000,0.000,255,255,255,127.333,188.667,127.333,188.667,8.485,126,187,3,3,3.140,2.433,45.000,1.000,3.606,1530,255,NaN,NaN,100.000,1530,126,190,33.690,2.828,1.291,0.775,0.800
75,MLC_F1_11-20-23_(green)_(0-105).tif,9,255.000,0.000,255,255,255,169.167,188.833,169.167,188.833,11.071,168,187,3,4,4.488,2.553,76.717,0.923,5.000,2295,255,NaN,NaN,100.000,2295,168,191,53.130,3.000,1.758,0.569,0.857
76,MLC_F1_11-20-23_(green)_(0-105).tif,8,255.000,0.000,255,255,255,89.375,191.375,89.375,191.375,9.071,88,190,3,3,3.538,2.879,45.000,1.000,4.243,2040,255,NaN,NaN,100.000,2040,88,193,45.000,3.000,1.229,0.814,0.941
77,MLC_F1_11-20-23_(green)_(0-105).tif,12,255.000,0.000,255,255,255,96.583,195.750,96.583,195.750,12.485,94,194,5,3,5.179,2.950,4.837,0.967,5.385,3060,255,NaN,NaN,100.000,3060,94,195,158.199,3.000,1.756,0.570,0.889
78,MLC_F1_11-20-23_(green)_(0-105).tif,1,255.000,0.000,255,255,255,154.500,199.500,154.500,199.500,2.828,154,199,1,1,1.128,1.128,0.000,1.000,1.414,255,255,NaN,NaN,100.000,255,154,199,135.000,1.000,1.000,1.000,1.000
