 ,Label,Area,Mean,StdDev,Mode,Min,Max,X,Y,XM,YM,Perim.,BX,BY,Width,Height,Major,Minor,Angle,Circ.,Feret,IntDen,Median,Skew,Kurt,%Area,RawIntDen,FeretX,FeretY,FeretAngle,MinFeret,AR,Round,Solidity
1,RTO_RNAi_6.png (green).png,40000,30.881,83.193,0,0,255,100.000,100.000,96.696,86.322,800.000,0,0,200,200,225.676,225.676,0.000,0.785,282.843,1235220,0,2.323,3.395,12.110,1235220,0,0,135.000,200.000,1.000,1.000,1.000
2,RTO_RNAi_6.png (green).png,5,255.000,0.000,255,255,255,97.700,0.900,97.700,0.900,7.657,96,0,3,2,3.144,2.025,161.565,1.000,3.606,1275,255,NaN,NaN,100.000,1275,96,0,146.310,2.000,1.553,0.644,0.909
3,RTO_RNAi_6.png (green).png,87,255.000,0.000,255,255,255,107.626,5.385,107.626,5.385,54.870,102,0,15,11,11.370,9.742,64.648,0.363,17.804,22185,255,NaN,NaN,100.000,22185,103,11,38.157,11.000,1.167,0.857,0.635
4,RTO_RNAi_6.png (green).png,14,255.000,0.000,255,255,255,132.286,1.286,132.286,1.286,17.899,128,0,8,3,7.693,2.317,164.013,0.549,8.544,3570,255,NaN,NaN,100.000,3570,128,0,159.444,3.000,3.320,0.301,0.800
5,RTO_RNAi_6.png (green).png,1,255.000,0.000,255,255,255,150.500,4.500,150.500,4.500,2.828,150,4,1,1,1.128,1.128,0.000,1.000,1.414,255,255,NaN,NaN,100.000,255,150,4,135.000,1.000,1.000,1.000,1.000
6,RTO_RNAi_6.png (green).png,34,255.000,0.000,255,255,255,87.059,8.529,87.059,8.529,24.385,83,5,8,8,9.556,4.530,47.903,0.719,10.630,8670,255,NaN,NaN,100.000,8670,83,13,41.186,5.657,2.109,0.474,0.829
7,RTO_RNAi_6.png (green).png,3,255.000,0.000,255,255,255,132.167,7.833,132.167,7.833,5.657,131,7,2,2,2.365,1.615,135.000,1.000,2.828,765,255,NaN,NaN,100.000,765,131,7,135.000,2.000,1.464,0.683,0.857
8,RTO_RNAi_6.png (green).png,14,255.000,0.000,255,255,255,95.071,9.857,95.071,9.857,13.899,93,8,5,4,5.407,3.297,41.437,0.911,6.403,3570,255,NaN,NaN,100.000,3570,93,12,38.660,4.000,1.640,0.610,0.848
9,RTO_RNAi_6.png (green).png,81,255.000,0.000,255,255,255,70.265,16.846,70.265,16.846,45.941,63,10,14,16,20.127,5.124,51.295,0.482,20.616,20655,255,NaN,NaN,100.000,20655,64,26,50.906,6.690,3.928,0.255,0.750
10,RTO_RNAi_6.png (green).png,11,255.000,0.000,255,255,255,120.136,12.682,120.136,12.682,11.899,118,11,4,4,4.900,2.859,142.125,0.976,5.657,2805,255,NaN,NaN,100.000,2805,118,11,135.000,3.536,1.714,0.583,0.846
11,RTO_RNAi_6.png (green).png,12,255.000,0.000,255,255,255,108.917,18.167,108.917,18.167,13.314,106,16,5,4,4.804,3.180,166.255,0.851,5.385,3060,255,NaN,NaN,100.000,3060,106,18,158.199,3.795,1.511,0.662,0.774
12,RTO_RNAi_6.png (green).png,23,255.000,0.000,255,255,255,168.457,19.370,168.457,19.370,17.314,166,16,5,6,6.260,4.678,111.036,0.964,7.211,5865,255,NaN,NaN,100.000,5865,167,16,123.690,5.000,1.338,0.747,0.885
13,RTO_RNAi_6.png (green).png,14,255.000,0.000,255,255,255,85.000,20.214,85.000,20.214,12.485,83,18,4,4,4.477,3.981,180.000,1.000,5.000,3570,255,NaN,NaN,100.000,3570,84,18,126.870,4.000,1.125,0.889,0.933
14,RTO_RNAi_6.png (green).png,1691,255.000,0.000,255,255,255,79.851,65.819,79.851,65.819,347.245,62,20,35,97,85.939,25.053,89.953,0.176,97.417,431205,255,NaN,NaN,100.000,431205,70,117,84.699,33.863,3.430,0.292,0.640
15,RTO_RNAi_6.png (green).png,5,255.000,0.000,255,255,255,88.300,23.900,88.300,23.900,7.071,87,23,3,2,3.144,2.025,18.435,1.000,3.606,1275,255,NaN,NaN,100.000,1275,87,25,33.690,2.000,1.553,0.644,0.909
16,RTO_RNAi_6.png (green).png,46,255.000,0.000,255,255,255,172.674,28.261,172.674,28.261,27.556,169,24,7,10,9.061,6.464,108.979,0.761,10.817,11730,255,NaN,NaN,100.000,11730,169,25,123.690,7.000,1.402,0.713,0.836
17,RTO_RNAi_6.png (green).png,16,255.000,0.000,255,255,255,116.000,28.000,116.000,28.000,15.314,114,25,4,6,5.562,3.663,114.699,0.857,6.325,4080,255,NaN,NaN,100.000,4080,115,25,108.435,4.000,1.519,0.658,0.842
18,RTO_RNAi_6.png (green).png,33,255.000,0.000,255,255,255,132.803,40.470,132.803,40.470,26.142,129,36,7,8,9.224,4.555,66.160,0.607,10.630,8415,255,NaN,NaN,100.000,8415,129,44,48.814,6.247,2.025,0.494,0.750
19,RTO_RNAi_6.png (green).png,23,255.000,0.000,255,255,255,94.152,39.978,94.152,39.978,17.314,91,38,7,4,7.018,4.173,11.440,0.964,7.616,5865,255,NaN,NaN,100.000,5865,91,42,23.199,4.000,1.682,0.595,0.920
20,RTO_RNAi_6.png (green).png,44,255.000,0.000,255,255,255,112.364,42.091,112.364,42.091,38.042,105,38,15,8,16.007,3.500,23.658,0.382,16.553,11220,255,NaN,NaN,100.000,11220,105,46,25.017,5.199,4.573,0.219,0.611
21,RTO_RNAi_6.png (green).png,93,255.000,0.000,255,255,255,168.790,48.134,168.790,48.134,53.355,164,41,11,14,13.256,8.933,82.923,0.411,15.000,23715,255,NaN,NaN,100.000,23715,165,55,53.130,11.000,1.484,0.674,0.724
22,RTO_RNAi_6.png (green).png,2,255.000,0.000,255,255,255,148.000,45.500,148.000,45.500,4.243,147,45,2,1,2.257,1.128,0.000,1.000,2.236,510,255,NaN,NaN,100.000,510,147,45,153.435,1.000,2.000,0.500,1.000
23,RTO_RNAi_6.png (green).png,22,255.000,0.000,255,255,255,115.045,50.955,115.045,50.955,17.314,112,49,7,4,6.779,4.132,172.251,0.922,7.616,5610,255,NaN,NaN,100.000,5610,112,49,156.801,4.000,1.641,0.609,0.898
24,RTO_RNAi_6.png (green).png,11,255.000,0.000,255,255,255,123.864,52.409,123.864,52.409,11.071,122,51,4,3,4.384,3.195,15.071,1.000,5.000,2805,255,NaN,NaN,100.000,2805,122,54,36.870,3.000,1.372,0.729,0.957
25,RTO_RNAi_6.png (green).png,9,255.000,0.000,255,255,255,139.167,57.389,139.167,57.389,10.485,137,56,4,3,3.919,2.924,20.301,1.000,4.472,2295,255,NaN,NaN,100.000,2295,137,58,26.565,3.000,1.340,0.746,0.857
26,RTO_RNAi_6.png (green).png,698,255.000,0.000,255,255,255,161.464,90.642,161.464,90.642,237.179,147,57,26,67,55.790,15.930,88.083,0.156,67.476,177990,255,NaN,NaN,100.000,177990,163,57,96.809,26.000,3.502,0.286,0.504
27,RTO_RNAi_6.png (green).png,100,255.000,0.000,255,255,255,115.760,63.450,115.760,63.450,62.184,105,58,24,13,23.710,5.370,20.343,0.325,26.833,25500,255,NaN,NaN,100.000,25500,105,70,26.565,8.728,4.415,0.226,0.583
28,RTO_RNAi_6.png (green).png,3,255.000,0.000,255,255,255,140.833,61.833,140.833,61.833,5.657,140,61,2,2,2.365,1.615,45.000,1.000,2.828,765,255,NaN,NaN,100.000,765,140,63,45.000,2.000,1.464,0.683,0.857
29,RTO_RNAi_6.png (green).png,6,255.000,0.000,255,255,255,148.500,70.000,148.500,70.000,7.657,147,69,3,2,3.385,2.257,0.000,1.000,3.606,1530,255,NaN,NaN,100.000,1530,147,69,146.310,2.000,1.500,0.667,1.000
30,RTO_RNAi_6.png (green).png,4,255.000,0.000,255,255,255,97.000,70.500,97.000,70.500,8.243,95,70,4,1,4.514,1.128,0.000,0.740,4.123,1020,255,NaN,NaN,100.000,1020,95,70,165.964,1.000,4.000,0.250,1.000
31,RTO_RNAi_6.png (green).png,160,255.000,0.000,255,255,255,13.350,80.594,13.350,80.594,53.698,5,72,17,15,18.095,11.258,149.216,0.697,20.000,40800,255,NaN,NaN,100.000,40800,6,75,143.130,13.400,1.607,0.622,0.847
32,RTO_RNAi_6.png (green).png,13,255.000,0.000,255,255,255,123.500,73.500,123.500,73.500,12.485,121,72,5,3,5.359,3.089,165.128,1.000,5.831,3315,255,NaN,NaN,100.000,3315,121,72,149.036,3.000,1.735,0.576,0.929
33,RTO_RNAi_6.png (green).png,13,255.000,0.000,255,255,255,150.885,76.654,150.885,76.654,13.314,149,74,4,5,5.327,3.107,53.271,0.922,5.831,3315,255,NaN,NaN,100.000,3315,149,79,59.036,3.536,1.714,0.583,0.839
34,RTO_RNAi_6.png (green).png,30,255.000,0.000,255,255,255,141.900,77.333,141.900,77.333,27.556,136,75,12,5,12.537,3.047,168.568,0.496,12.369,7650,255,NaN,NaN,100.000,7650,136,76,165.964,3.881,4.115,0.243,0.706
35,RTO_RNAi_6.png (green).png,17,255.000,0.000,255,255,255,120.324,82.265,120.324,82.265,16.485,117,81,7,3,7.308,2.962,4.102,0.786,7.280,4335,255,NaN,NaN,100.000,4335,117,81,164.055,3.000,2.467,0.405,0.895
36,RTO_RNAi_6.png (green).png,61,255.000,0.000,255,255,255,133.861,93.172,133.861,93.172,30.142,128,90,11,7,11.421,6.800,170.819,0.844,12.083,15555,255,NaN,NaN,100.000,15555,128,91,155.556,7.000,1.679,0.595,0.910
37,RTO_RNAi_6.png (green).png,188,255.000,0.000,255,255,255,19.043,101.590,19.043,101.590,60.770,7,95,23,13,24.027,9.963,166.361,0.640,24.042,47940,255,NaN,NaN,100.000,47940,7,97,163.072,11.829,2.412,0.415,0.830
38,RTO_RNAi_6.png (green).png,84,255.000,0.000,255,255,255,123.393,99.381,123.393,99.381,36.042,116,95,13,10,12.238,8.740,159.509,0.813,13.928,21420,255,NaN,NaN,100.000,21420,116,96,158.962,9.839,1.400,0.714,0.862
39,RTO_RNAi_6.png (green).png,2,255.000,0.000,255,255,255,56.000,97.500,56.000,97.500,4.243,55,97,2,1,2.257,1.128,0.000,1.000,2.236,510,255,NaN,NaN,100.000,510,55,97,153.435,1.000,2.000,0.500,1.000
40,RTO_RNAi_6.png (green).png,40,255.000,0.000,255,255,255,95.250,101.475,95.250,101.475,22.971,91,98,8,7,8.421,6.048,29.900,0.953,8.944,10200,255,NaN,NaN,100.000,10200,91,103,26.565,6.656,1.392,0.718,0.879
41,RTO_RNAi_6.png (green).png,14,255.000,0.000,255,255,255,150.286,105.857,150.286,105.857,12.728,148,104,5,4,4.746,3.756,24.358,1.000,5.385,3570,255,NaN,NaN,100.000,3570,148,107,21.801,4.000,1.264,0.791,0.848
42,RTO_RNAi_6.png (green).png,10,255.000,0.000,255,255,255,138.300,108.500,138.300,108.500,11.071,136,107,4,3,3.966,3.210,0.000,1.000,4.472,2550,255,NaN,NaN,100.000,2550,136,108,153.435,3.000,1.236,0.809,0.909
43,RTO_RNAi_6.png (green).png,6,255.000,0.000,255,255,255,60.500,112.000,60.500,112.000,7.657,59,111,3,2,3.385,2.257,0.000,1.000,3.606,1530,255,NaN,NaN,100.000,1530,59,111,146.310,2.000,1.500,0.667,1.000
44,RTO_RNAi_6.png (green).png,10,255.000,0.000,255,255,255,122.300,113.500,122.300,113.500,11.071,120,112,4,3,3.966,3.210,0.000,1.000,4.472,2550,255,NaN,NaN,100.000,2550,120,113,153.435,3.000,1.236,0.809,0.909
45,RTO_RNAi_6.png (green).png,244,255.000,0.000,255,255,255,20.156,122.230,20.156,122.230,61.355,11,113,18,19,19.861,15.642,123.907,0.815,21.401,62220,255,NaN,NaN,100.000,62220,13,114,127.405,17.332,1.270,0.788,0.897
46,RTO_RNAi_6.png (green).png,19,255.000,0.000,255,255,255,144.868,115.079,144.868,115.079,15.899,142,113,6,4,6.351,3.809,15.047,0.944,6.708,4845,255,NaN,NaN,100.000,4845,142,117,26.565,4.000,1.667,0.600,0.884
47,RTO_RNAi_6.png (green).png,37,255.000,0.000,255,255,255,68.095,121.986,68.095,121.986,22.728,64,119,8,6,7.868,5.987,148.030,0.900,9.434,9435,255,NaN,NaN,100.000,9435,64,119,147.995,6.000,1.314,0.761,0.892
48,RTO_RNAi_6.png (green).png,12,255.000,0.000,255,255,255,154.167,123.250,154.167,123.250,11.899,152,121,4,4,4.164,3.669,160.195,1.000,5.000,3060,255,NaN,NaN,100.000,3060,152,122,143.130,4.000,1.135,0.881,0.857
49,RTO_RNAi_6.png (green).png,2,255.000,0.000,255,255,255,51.000,122.500,51.000,122.500,4.243,50,122,2,1,2.257,1.128,0.000,1.000,2.236,510,255,NaN,NaN,100.000,510,50,122,153.435,1.000,2.000,0.500,1.000
50,RTO_RNAi_6.png (green).png,9,255.000,0.000,255,255,255,147.500,125.500,147.500,125.500,9.657,146,124,3,3,3.385,3.385,0.000,1.000,4.243,2295,255,NaN,NaN,100.000,2295,146,124,135.000,3.000,1.000,1.000,1.000
51,RTO_RNAi_6.png (green).png,20,255.000,0.000,255,255,255,128.250,127.550,128.250,127.550,15.314,126,125,5,5,5.713,4.457,132.920,1.000,6.403,5100,255,NaN,NaN,100.000,5100,126,125,128.660,4.950,1.282,0.780,0.909
52,RTO_RNAi_6.png (green).png,6,255.000,0.000,255,255,255,157.167,128.000,157.167,128.000,9.657,156,126,2,4,3.718,2.055,90.000,0.809,4.123,1530,255,NaN,NaN,100.000,1530,157,126,104.036,2.000,1.809,0.553,0.857
53,RTO_RNAi_6.png (green).png,6,255.000,0.000,255,255,255,172.000,127.500,172.000,127.500,7.657,171,126,2,3,3.385,2.257,90.000,1.000,3.606,1530,255,NaN,NaN,100.000,1530,171,126,123.690,2.000,1.500,0.667,1.000
54,RTO_RNAi_6.png (green).png,79,255.000,0.000,255,255,255,72.044,132.044,72.044,132.044,44.284,65,128,16,8,14.481,6.946,179.967,0.506,16.492,20145,255,NaN,NaN,100.000,20145,65,136,14.036,8.000,2.085,0.480,0.771
55,RTO_RNAi_6.png (green).png,18,255.000,0.000,255,255,255,58.500,131.000,58.500,131.000,14.485,56,129,5,4,5.587,4.102,23.109,1.000,6.403,4590,255,NaN,NaN,100.000,4590,56,133,38.660,4.000,1.362,0.734,0.947
56,RTO_RNAi_6.png (green).png,4,255.000,0.000,255,255,255,145.500,133.250,145.500,133.250,7.071,144,132,3,2,2.734,1.863,0.000,1.000,3.162,1020,255,NaN,NaN,100.000,1020,144,133,161.565,2.000,1.468,0.681,0.800
57,RTO_RNAi_6.png (green).png,81,255.000,0.000,255,255,255,104.142,138.623,104.142,138.623,37.556,98,134,12,9,11.315,9.115,175.359,0.722,13.601,20655,255,NaN,NaN,100.000,20655,99,135,143.973,9.000,1.241,0.806,0.853
58,RTO_RNAi_6.png (green).png,2,255.000,0.000,255,255,255,149.500,136.000,149.500,136.000,4.828,149,135,1,2,2.257,1.128,90.000,1.000,2.236,510,255,NaN,NaN,100.000,510,149,135,116.565,1.000,2.000,0.500,1.000
59,RTO_RNAi_6.png (green).png,5,255.000,0.000,255,255,255,177.700,136.300,177.700,136.300,9.657,176,135,4,2,4.183,1.522,169.099,0.674,4.472,1275,255,NaN,NaN,100.000,1275,176,135,153.435,2.000,2.749,0.364,0.769
60,RTO_RNAi_6.png (green).png,25,255.000,0.000,255,255,255,152.500,140.500,152.500,140.500,21.556,148,138,8,5,6.753,4.714,177.403,0.676,8.544,6375,255,NaN,NaN,100.000,6375,148,143,20.556,5.000,1.433,0.698,0.746
61,RTO_RNAi_6.png (green).png,50,255.000,0.000,255,255,255,22.140,145.100,22.140,145.100,29.799,16,141,11,7,11.249,5.659,15.741,0.708,11.705,12750,255,NaN,NaN,100.000,12750,16,147,19.983,7.000,1.988,0.503,0.833
62,RTO_RNAi_6.png (green).png,18,255.000,0.000,255,255,255,47.556,146.389,47.556,146.389,15.314,45,144,5,5,5.238,4.376,11.199,0.965,5.831,4590,255,NaN,NaN,100.000,4590,45,145,149.036,4.919,1.197,0.835,0.837
63,RTO_RNAi_6.png (green).png,1,255.000,0.000,255,255,255,186.500,144.500,186.500,144.500,2.828,186,144,1,1,1.128,1.128,0.000,1.000,1.414,255,255,NaN,NaN,100.000,255,186,144,135.000,1.000,1.000,1.000,1.000
64,RTO_RNAi_6.png (green).png,20,255.000,0.000,255,255,255,73.750,147.750,73.750,147.750,15.314,71,145,5,5,5.142,4.953,45.003,1.000,5.831,5100,255,NaN,NaN,100.000,5100,73,145,120.964,5.000,1.038,0.963,0.909
65,RTO_RNAi_6.png (green).png,44,255.000,0.000,255,255,255,86.750,150.818,86.750,150.818,28.385,82,147,11,7,11.369,4.928,158.121,0.686,12.083,11220,255,NaN,NaN,100.000,11220,82,148,155.556,6.261,2.307,0.433,0.822
66,RTO_RNAi_6.png (green).png,11,255.000,0.000,255,255,255,127.591,148.864,127.591,148.864,11.071,126,147,3,4,4.384,3.195,105.071,1.000,5.000,2805,255,NaN,NaN,100.000,2805,126,147,126.870,3.000,1.372,0.729,0.957
67,RTO_RNAi_6.png (green).png,7,255.000,0.000,255,255,255,18.214,157.071,18.214,157.071,9.657,16,156,4,2,4.154,2.146,8.350,0.943,4.472,1785,255,NaN,NaN,100.000,1785,16,158,26.565,2.000,1.936,0.517,0.933
68,RTO_RNAi_6.png (green).png,91,255.000,0.000,255,255,255,123.555,162.907,123.555,162.907,48.870,115,158,16,10,13.413,8.638,178.925,0.479,16.763,23205,255,NaN,NaN,100.000,23205,115,163,17.354,10.000,1.553,0.644,0.737
69,RTO_RNAi_6.png (green).png,10,255.000,0.000,255,255,255,175.400,161.400,175.400,161.400,11.899,173,160,5,3,4.480,2.842,7.688,0.887,5.099,2550,255,NaN,NaN,100.000,2550,173,161,168.690,3.000,1.577,0.634,0.800
70,RTO_RNAi_6.png (green).png,13,255.000,0.000,255,255,255,154.885,163.038,154.885,163.038,12.485,153,161,4,4,4.899,3.378,129.265,1.000,5.657,3315,255,NaN,NaN,100.000,3315,153,161,135.000,4.000,1.450,0.690,0.897
71,RTO_RNAi_6.png (green).png,3,255.000,0.000,255,255,255,74.167,166.167,74.167,166.167,5.657,73,165,2,2,2.365,1.615,45.000,1.000,2.828,765,255,NaN,NaN,100.000,765,73,167,45.000,2.000,1.464,0.683,0.857
72,RTO_RNAi_6.png (green).png,18,255.000,0.000,255,255,255,167.000,167.500,167.000,167.500,15.657,164,166,6,3,6.770,3.385,0.000,0.923,6.708,4590,255,NaN,NaN,100.000,4590,164,166,153.435,3.000,2.000,0.500,1.000
73,RTO_RNAi_6.png (green).png,44,255.000,0.000,255,255,255,34.045,172.409,34.045,172.409,29.556,28,170,13,5,13.063,4.289,11.066,0.633,13.342,11220,255,NaN,NaN,100.000,11220,28,174,12.995,4.903,3.046,0.328,0.846
74,RTO_RNAi_6.png (green).png,54,255.000,0.000,255,255,255,160.537,174.741,160.537,174.741,28.971,155,171,10,8,10.324,6.660,162.217,0.809,11.180,13770,255,NaN,NaN,100.000,13770,155,173,153.435,7.747,1.550,0.645,0.857
75,RTO_RNAi_6.png (green).png,4,255.000,0.000,255,255,255,15.750,175.750,15.750,175.750,7.657,14,175,3,2,3.192,1.596,161.565,0.857,3.606,1020,255,NaN,NaN,100.000,1020,14,175,146.310,2.000,2.000,0.500,0.800
76,RTO_RNAi_6.png (green).png,38,255.000,0.000,255,255,255,102.868,180.895,102.868,180.895,22.142,99,178,8,6,8.282,5.842,6.559,0.974,8.944,9690,255,NaN,NaN,100.000,9690,99,183,26.565,6.000,1.418,0.705,0.894
77,RTO_RNAi_6.png (green).png,10,255.000,0.000,255,255,255,72.000,185.500,72.000,185.500,10.485,70,184,4,3,4.444,2.865,153.435,1.000,5.000,2550,255,NaN,NaN,100.000,2550,70,184,143.130,3.000,1.551,0.645,0.909
78,RTO_RNAi_6.png (green).png,34,255.000,0.000,255,255,255,174.000,187.794,174.000,187.794,26.728,168,186,12,4,11.108,3.897,7.166E-15,0.598,12.042,8670,255,NaN,NaN,100.000,8670,168,187,175.236,4.000,2.850,0.351,0.850
79,RTO_RNAi_6.png (green).png,1,255.000,0.000,255,255,255,199.500,186.500,199.500,186.500,2.828,199,186,1,1,1.128,1.128,0.000,1.000,1.414,255,255,NaN,NaN,100.000,255,199,186,135.000,1.000,1.000,1.000,1.000
80,RTO_RNAi_6.png (green).png,12,255.000,0.000,255,255,255,68.667,193.583,68.667,193.583,12.485,66,192,5,3,4.911,3.111,170.583,0.967,5.385,3060,255,NaN,NaN,100.000,3060,66,193,158.199,3.000,1.579,0.633,0.889
81,RTO_RNAi_6.png (green).png,28,255.000,0.000,255,255,255,110.000,194.500,110.000,194.500,22.485,105,193,10,3,10.758,3.314,177.280,0.696,10.440,7140,255,NaN,NaN,100.000,7140,105,193,163.301,3.000,3.246,0.308,0.966
82,RTO_RNAi_6.png (green).png,10,255.000,0.000,255,255,255,45.500,196.000,45.500,196.000,11.657,43,195,5,2,5.642,2.257,0.000,0.925,5.385,2550,255,NaN,NaN,100.000,2550,43,195,158.199,2.000,2.500,0.400,1.000
83,RTO_RNAi_6.png (green).png,1,255.000,0.000,255,255,255,162.500,198.500,162.500,198.500,2.828,162,198,1,1,1.128,1.128,0.000,1.000,1.414,255,255,NaN,NaN,100.000,255,162,198,135.000,1.000,1.000,1.000,1.000
