,Path,Count,Total Area,Average Size,%Area,Mean,Mode,Perim.,Major,Minor,Angle,Circ.,Solidity,Feret,FeretX,FeretY,FeretAngle,MinFeret,IntDen,Median,Skew,Kurt
0,noise 3 21001.0.png,1.0,39599.0,39599.0,98.9975,255.0,255.0,815.0538330078125,224.61659240722656,224.4669952392578,166.702392578125,0.7490684390068054,0.9899749755859375,282.84271240234375,0.0,0.0,135.0,200.0,10097745.0,255.0,,
1,noise 3 21002.0.png,1.0,40000.0,40000.0,100.0,255.0,255.0,797.6568603515625,225.6758270263672,225.6758270263672,0.0,0.7900192141532898,1.0,282.84271240234375,0.0,0.0,135.0,200.0,10200000.0,255.0,,
2,noise 3 21003.0.png,0.0,0.0,,0.0,,,,,,,,,,,,,,,,,
3,noise 3 21004.0.png,1.0,40000.0,40000.0,100.0,255.0,255.0,797.6568603515625,225.6758270263672,225.6758270263672,0.0,0.7900192141532898,1.0,282.84271240234375,0.0,0.0,135.0,200.0,10200000.0,255.0,,
4,noise 3 21005.0.png,1.0,38443.0,38443.0,96.1075,255.0,255.0,830.7939453125,221.32839965820312,221.15167236328125,175.86952209472656,0.6999072432518005,0.9610750079154968,282.84271240234375,0.0,0.0,135.0,200.0,9802965.0,255.0,,
5,noise 3 21006.0.png,1.0,40000.0,40000.0,100.0,255.0,255.0,797.6568603515625,225.6758270263672,225.6758270263672,0.0,0.7900192141532898,1.0,282.84271240234375,0.0,0.0,135.0,200.0,10200000.0,255.0,,
6,noise 3 21007.0.png,1.0,40000.0,40000.0,100.0,255.0,255.0,797.6568603515625,225.6758270263672,225.6758270263672,0.0,0.7900192141532898,1.0,282.84271240234375,0.0,0.0,135.0,200.0,10200000.0,255.0,,
7,noise 3 21008.0.png,0.0,0.0,,0.0,,,,,,,,,,,,,,,,,
8,noise 3 21009.0.png,1.0,34488.0,34488.0,86.22,255.0,255.0,920.0731811523438,209.62684631347656,209.4745330810547,155.02230834960938,0.5119566321372986,0.8622000217437744,282.84271240234375,0.0,0.0,135.0,200.0,8794440.0,255.0,,
9,noise 3 21010.0.png,0.0,0.0,,0.0,,,,,,,,,,,,,,,,,
10,noise 3 21011.0.png,0.0,0.0,,0.0,,,,,,,,,,,,,,,,,
11,noise 3 21012.0.png,0.0,0.0,,0.0,,,,,,,,,,,,,,,,,
12,noise 3 21013.0.png,1.0,40000.0,40000.0,100.0,255.0,255.0,797.6568603515625,225.6758270263672,225.6758270263672,0.0,0.7900192141532898,1.0,282.84271240234375,0.0,0.0,135.0,200.0,10200000.0,255.0,,
13,noise 3 21014.0.png,0.0,0.0,,0.0,,,,,,,,,,,,,,,,,
14,noise 3 21015.0.png,1.0,34712.0,34712.0,86.78,255.0,255.0,894.2568969726562,210.27786254882812,210.18234252929688,100.66326904296875,0.5454624891281128,0.8677999973297119,282.84271240234375,0.0,0.0,135.0,200.0,8851560.0,255.0,,
15,noise 3 21016.0.png,0.0,0.0,,0.0,,,,,,,,,,,,,,,,,
16,noise 3 21017.0.png,0.0,0.0,,0.0,,,,,,,,,,,,,,,,,
17,noise 3 21018.0.png,0.0,0.0,,0.0,,,,,,,,,,,,,,,,,
18,noise 3 21019.0.png,1.0,40000.0,40000.0,100.0,255.0,255.0,797.6568603515625,225.6758270263672,225.6758270263672,0.0,0.7900192141532898,1.0,282.84271240234375,0.0,0.0,135.0,200.0,10200000.0,255.0,,
19,noise 3 21020.0.png,1.0,40000.0,40000.0,100.0,255.0,255.0,797.6568603515625,225.6758270263672,225.6758270263672,0.0,0.7900192141532898,1.0,282.84271240234375,0.0,0.0,135.0,200.0,10200000.0,255.0,,
20,noise 3 21021.0.png,1.0,39101.0,39101.0,97.7525,255.0,255.0,820.6101684570312,223.23988342285156,223.01095581054688,144.93531799316406,0.7296656966209412,0.977524995803833,282.84271240234375,0.0,0.0,135.0,200.0,9970755.0,255.0,,
21,noise 3 21022.0.png,1.0,30437.0,30437.0,76.0925,255.0,255.0,965.9381713867188,197.12161254882812,196.59738159179688,158.2765350341797,0.4099331498146057,0.7609249949455261,282.84271240234375,0.0,0.0,135.0,200.0,7761435.0,255.0,,
22,noise 3 21023.0.png,0.0,0.0,,0.0,,,,,,,,,,,,,,,,,
23,noise 3 21024.0.png,1.0,40000.0,40000.0,100.0,255.0,255.0,797.6568603515625,225.6758270263672,225.6758270263672,0.0,0.7900192141532898,1.0,282.84271240234375,0.0,0.0,135.0,200.0,10200000.0,255.0,,
24,noise 3 21025.0.png,1.0,29604.0,29604.0,74.01,255.0,255.0,1192.6904296875,194.3489532470703,193.94488525390625,67.95987701416016,0.2615199089050293,0.7401000261306763,282.84271240234375,0.0,0.0,135.0,200.0,7549020.0,255.0,,
25,noise 3 21026.0.png,1.0,40000.0,40000.0,100.0,255.0,255.0,797.6568603515625,225.6758270263672,225.6758270263672,0.0,0.7900192141532898,1.0,282.84271240234375,0.0,0.0,135.0,200.0,10200000.0,255.0,,
26,noise 3 21027.0.png,1.0,40000.0,40000.0,100.0,255.0,255.0,797.6568603515625,225.6758270263672,225.6758270263672,0.0,0.7900192141532898,1.0,282.84271240234375,0.0,0.0,135.0,200.0,10200000.0,255.0,,
27,noise 3 21028.0.png,1.0,32547.0,32547.0,81.3675,255.0,255.0,952.440673828125,203.70191955566406,203.4351348876953,114.95108795166016,0.4508633613586426,0.8136749863624573,282.84271240234375,0.0,0.0,135.0,200.0,8299485.0,255.0,,
28,noise 3 21029.0.png,0.0,0.0,,0.0,,,,,,,,,,,,,,,,,
29,noise 3 21030.0.png,1.0,33319.0,33319.0,83.2975,255.0,255.0,1023.587890625,206.13047790527344,205.80686950683594,100.62067413330078,0.3996239900588989,0.8339444398880005,282.84271240234375,0.0,0.0,135.0,200.0,8496345.0,255.0,,
30,noise 3 21031.0.png,0.0,0.0,,0.0,,,,,,,,,,,,,,,,,
31,noise 3 21032.0.png,1.0,39360.0,39360.0,98.4,255.0,255.0,819.1959838867188,223.92083740234375,223.8054656982422,179.0867156982422,0.7370371222496033,0.984000027179718,282.84271240234375,0.0,0.0,135.0,200.0,10036800.0,255.0,,
32,noise 3 21033.0.png,1.0,40000.0,40000.0,100.0,255.0,255.0,797.6568603515625,225.6758270263672,225.6758270263672,0.0,0.7900192141532898,1.0,282.84271240234375,0.0,0.0,135.0,200.0,10200000.0,255.0,,
33,noise 3 21034.0.png,0.0,0.0,,0.0,,,,,,,,,,,,,,,,,
34,noise 3 21035.0.png,0.0,0.0,,0.0,,,,,,,,,,,,,,,,,
35,noise 3 21036.0.png,0.0,0.0,,0.0,,,,,,,,,,,,,,,,,
36,noise 3 21037.0.png,0.0,0.0,,0.0,,,,,,,,,,,,,,,,,
37,noise 3 21038.0.png,1.0,36111.0,36111.0,90.2775,255.0,255.0,874.3330688476562,214.4920196533203,214.35740661621094,177.1095428466797,0.5936022996902466,0.90277498960495,282.84271240234375,0.0,0.0,135.0,200.0,9208305.0,255.0,,
38,noise 3 21039.0.png,1.0,40000.0,40000.0,100.0,255.0,255.0,797.6568603515625,225.6758270263672,225.6758270263672,0.0,0.7900192141532898,1.0,282.84271240234375,0.0,0.0,135.0,200.0,10200000.0,255.0,,
39,noise 3 21040.0.png,1.0,40000.0,40000.0,100.0,255.0,255.0,797.6568603515625,225.6758270263672,225.6758270263672,0.0,0.7900192141532898,1.0,282.84271240234375,0.0,0.0,135.0,200.0,10200000.0,255.0,,
40,noise 3 21041.0.png,0.0,0.0,,0.0,,,,,,,,,,,,,,,,,
41,noise 3 21042.0.png,1.0,29428.0,29428.0,73.57,255.0,255.0,1024.2396240234375,193.72561645507812,193.41217041015625,92.31659698486328,0.35250672698020935,0.7357000112533569,282.84271240234375,0.0,0.0,135.0,200.0,7504140.0,255.0,,
42,noise 3 21043.0.png,1.0,37678.0,37678.0,94.195,255.0,255.0,857.6395874023438,219.57510375976562,218.48159790039062,144.84689331054688,0.643706738948822,0.9426923990249634,282.84271240234375,0.0,0.0,135.0,200.0,9607890.0,255.0,,
43,noise 3 21044.0.png,1.0,35318.0,35318.0,88.295,255.0,255.0,909.1858520507812,212.30995178222656,211.80484008789062,152.48573303222656,0.5369089245796204,0.8829500079154968,282.84271240234375,0.0,0.0,135.0,200.0,9006090.0,255.0,,
44,noise 3 21045.0.png,66.0,9173.0,138.9848484848485,22.9325,255.0,255.0,42.558196703592934,14.614285837520253,11.684219353126757,85.1512531096285,0.9218926321376454,0.9354518498435165,15.419300599531693,100.39393939393939,92.21212121212122,109.84083437197137,11.482975035002738,35441.13636363636,255.0,,
45,noise 3 21046.0.png,1.0,35510.0,35510.0,88.775,255.0,255.0,906.1564331054688,213.12059020996094,212.14627075195312,115.02847290039062,0.5434432625770569,0.8877500295639038,282.84271240234375,0.0,0.0,135.0,200.0,9055050.0,255.0,,
46,noise 3 21047.0.png,1.0,40000.0,40000.0,100.0,255.0,255.0,797.6568603515625,225.6758270263672,225.6758270263672,0.0,0.7900192141532898,1.0,282.84271240234375,0.0,0.0,135.0,200.0,10200000.0,255.0,,
47,noise 3 21048.0.png,1.0,40000.0,40000.0,100.0,255.0,255.0,797.6568603515625,225.6758270263672,225.6758270263672,0.0,0.7900192141532898,1.0,282.84271240234375,0.0,0.0,135.0,200.0,10200000.0,255.0,,
48,noise 3 21049.0.png,0.0,0.0,,0.0,,,,,,,,,,,,,,,,,
49,noise 3 21050.0.png,1.0,40000.0,40000.0,100.0,255.0,255.0,797.6568603515625,225.6758270263672,225.6758270263672,0.0,0.7900192141532898,1.0,282.84271240234375,0.0,0.0,135.0,200.0,10200000.0,255.0,,
50,noise 3 21051.0.png,54.0,7397.0,136.9814814814815,18.4925,255.0,255.0,62.45297074317932,15.497197420508773,7.868491978557022,88.90265091701791,0.7448808301102232,0.8025312233302329,21.230424770602472,98.64814814814815,100.31481481481481,98.24835922541442,11.178128684008563,34930.27777777778,255.0,,
51,noise 3 21052.0.png,1.0,34693.0,34693.0,86.7325,255.0,255.0,913.5289916992188,210.2523193359375,210.09280395507812,123.09052276611328,0.522404670715332,0.8673250079154968,282.84271240234375,0.0,0.0,135.0,200.0,8846715.0,255.0,,
52,noise 3 21053.0.png,0.0,0.0,,0.0,,,,,,,,,,,,,,,,,
53,noise 3 21054.0.png,1.0,40000.0,40000.0,100.0,255.0,255.0,797.6568603515625,225.6758270263672,225.6758270263672,0.0,0.7900192141532898,1.0,282.84271240234375,0.0,0.0,135.0,200.0,10200000.0,255.0,,
54,noise 3 21055.0.png,0.0,0.0,,0.0,,,,,,,,,,,,,,,,,
55,noise 3 21056.0.png,6.0,15760.0,2626.6666666666665,39.4,255.0,255.0,309.4213622411092,35.372573932011925,29.378990809122723,91.65853420893352,0.6672232834001383,0.8384165813525518,59.63443978627523,64.66666666666667,119.83333333333333,122.89595158894856,39.5,669800.0,255.0,,
56,noise 3 21057.0.png,0.0,0.0,,0.0,,,,,,,,,,,,,,,,,
57,noise 3 21058.0.png,0.0,0.0,,0.0,,,,,,,,,,,,,,,,,
58,noise 3 21059.0.png,1.0,28306.0,28306.0,70.765,255.0,255.0,970.1980590820312,190.00592041015625,189.6799774169922,32.251224517822266,0.3778918981552124,0.7076500058174133,282.84271240234375,0.0,0.0,135.0,200.0,7218030.0,255.0,,
59,noise 3 21060.0.png,0.0,0.0,,0.0,,,,,,,,,,,,,,,,,
60,noise 3 21061.0.png,1.0,40000.0,40000.0,100.0,255.0,255.0,797.6568603515625,225.6758270263672,225.6758270263672,0.0,0.7900192141532898,1.0,282.84271240234375,0.0,0.0,135.0,200.0,10200000.0,255.0,,
61,noise 3 21062.0.png,1.0,33117.0,33117.0,82.7925,255.0,255.0,955.1513671875,205.45016479492188,205.23651123046875,176.73634338378906,0.45615920424461365,0.8279250264167786,282.84271240234375,0.0,0.0,135.0,200.0,8444835.0,255.0,,
62,noise 3 21063.0.png,1.0,35841.0,35841.0,89.6025,255.0,255.0,880.0660400390625,213.70570373535156,213.5374755859375,147.97865295410156,0.5815130472183228,0.8960250020027161,282.84271240234375,0.0,0.0,135.0,200.0,9139455.0,255.0,,
63,noise 3 21064.0.png,1.0,31664.0,31664.0,79.16,255.0,255.0,943.3035888671875,201.38174438476562,200.19618225097656,5.707281112670898,0.4471699893474579,0.7915999889373779,282.84271240234375,0.0,0.0,135.0,200.0,8074320.0,255.0,,
64,noise 3 21065.0.png,1.0,39396.0,39396.0,98.49,255.0,255.0,828.55126953125,224.03457641601562,223.89645385742188,169.63182067871094,0.7211459875106812,0.9848999977111816,282.84271240234375,0.0,0.0,135.0,200.0,10045980.0,255.0,,
65,noise 3 21066.0.png,0.0,0.0,,0.0,,,,,,,,,,,,,,,,,
66,noise 3 21067.0.png,1.0,40000.0,40000.0,100.0,255.0,255.0,797.6568603515625,225.6758270263672,225.6758270263672,0.0,0.7900192141532898,1.0,282.84271240234375,0.0,0.0,135.0,200.0,10200000.0,255.0,,
67,noise 3 21068.0.png,1.0,40000.0,40000.0,100.0,255.0,255.0,797.6568603515625,225.6758270263672,225.6758270263672,0.0,0.7900192141532898,1.0,282.84271240234375,0.0,0.0,135.0,200.0,10200000.0,255.0,,
68,noise 3 21069.0.png,5.0,23431.0,4686.2,58.5775,255.0,255.0,500.4481746673584,45.806884098052976,39.73859968185425,58.80342025756836,0.6821976758539676,0.8534345507621766,68.56597023010254,107.0,144.0,85.27823638916016,46.75331153869629,1194981.0,255.0,,
69,noise 3 21070.0.png,1.0,40000.0,40000.0,100.0,255.0,255.0,797.6568603515625,225.6758270263672,225.6758270263672,0.0,0.7900192141532898,1.0,282.84271240234375,0.0,0.0,135.0,200.0,10200000.0,255.0,,
70,noise 3 21071.0.png,1.0,28460.0,28460.0,71.15,255.0,255.0,987.864990234375,190.86456298828125,189.85398864746094,126.75251007080078,0.36647939682006836,0.7123904824256897,282.84271240234375,0.0,0.0,135.0,200.0,7257300.0,255.0,,
71,noise 3 21072.0.png,0.0,0.0,,0.0,,,,,,,,,,,,,,,,,
72,noise 3 21073.0.png,1.0,40000.0,40000.0,100.0,255.0,255.0,797.6568603515625,225.6758270263672,225.6758270263672,0.0,0.7900192141532898,1.0,282.84271240234375,0.0,0.0,135.0,200.0,10200000.0,255.0,,
73,noise 3 21074.0.png,1.0,29608.0,29608.0,74.02,255.0,255.0,945.75439453125,194.44342041015625,193.87684631347656,20.147594451904297,0.41597017645835876,0.7401999831199646,282.84271240234375,0.0,0.0,135.0,200.0,7550040.0,255.0,,
74,noise 3 21075.0.png,1.0,33135.0,33135.0,82.8375,255.0,255.0,915.7888793945312,205.43869018554688,205.35952758789062,146.08950805664062,0.4964849650859833,0.828374981880188,282.84271240234375,0.0,0.0,135.0,200.0,8449425.0,255.0,,
75,noise 3 21076.0.png,1.0,37406.0,37406.0,93.515,255.0,255.0,857.1198120117188,218.3223114013672,218.14901733398438,161.56793212890625,0.6398350596427917,0.9351500272750854,282.84271240234375,0.0,0.0,135.0,200.0,9538530.0,255.0,,
76,noise 3 21077.0.png,0.0,0.0,,0.0,,,,,,,,,,,,,,,,,
77,noise 3 21078.0.png,0.0,0.0,,0.0,,,,,,,,,,,,,,,,,
78,noise 3 21079.0.png,1.0,40000.0,40000.0,100.0,255.0,255.0,797.6568603515625,225.6758270263672,225.6758270263672,0.0,0.7900192141532898,1.0,282.84271240234375,0.0,0.0,135.0,200.0,10200000.0,255.0,,
79,noise 3 21080.0.png,1.0,40000.0,40000.0,100.0,255.0,255.0,797.6568603515625,225.6758270263672,225.6758270263672,0.0,0.7900192141532898,1.0,282.84271240234375,0.0,0.0,135.0,200.0,10200000.0,255.0,,
80,noise 3 21081.0.png,1.0,40000.0,40000.0,100.0,255.0,255.0,797.6568603515625,225.6758270263672,225.6758270263672,0.0,0.7900192141532898,1.0,282.84271240234375,0.0,0.0,135.0,200.0,10200000.0,255.0,,
81,noise 3 21082.0.png,1.0,40000.0,40000.0,100.0,255.0,255.0,797.6568603515625,225.6758270263672,225.6758270263672,0.0,0.7900192141532898,1.0,282.84271240234375,0.0,0.0,135.0,200.0,10200000.0,255.0,,
82,noise 3 21083.0.png,4.0,66.0,16.5,0.165,255.0,255.0,13.656854629516602,5.077706336975098,3.9493271112442017,22.5,0.9939175695180893,1.0,5.72096049785614,131.0,124.25,137.7751407623291,3.5,4207.5,255.0,,
83,noise 3 21084.0.png,1.0,37545.0,37545.0,93.8625,255.0,255.0,848.19091796875,218.69842529296875,218.5830841064453,10.125065803527832,0.6558050513267517,0.9386249780654907,282.84271240234375,0.0,0.0,135.0,200.0,9573975.0,255.0,,
84,noise 3 21085.0.png,0.0,0.0,,0.0,,,,,,,,,,,,,,,,,
85,noise 3 21086.0.png,1.0,36998.0,36998.0,92.495,255.0,255.0,875.646728515625,217.109130859375,216.9752960205078,168.81651306152344,0.6063595414161682,0.9249500036239624,282.84271240234375,0.0,0.0,135.0,200.0,9434490.0,255.0,,
86,noise 3 21087.0.png,1.0,40000.0,40000.0,100.0,255.0,255.0,797.6568603515625,225.6758270263672,225.6758270263672,0.0,0.7900192141532898,1.0,282.84271240234375,0.0,0.0,135.0,200.0,10200000.0,255.0,,
87,noise 3 21088.0.png,0.0,0.0,,0.0,,,,,,,,,,,,,,,,,
88,noise 3 21089.0.png,0.0,0.0,,0.0,,,,,,,,,,,,,,,,,
89,noise 3 21090.0.png,0.0,0.0,,0.0,,,,,,,,,,,,,,,,,
90,noise 3 21091.0.png,0.0,0.0,,0.0,,,,,,,,,,,,,,,,,
91,noise 3 21092.0.png,1.0,40000.0,40000.0,100.0,255.0,255.0,797.6568603515625,225.6758270263672,225.6758270263672,0.0,0.7900192141532898,1.0,282.84271240234375,0.0,0.0,135.0,200.0,10200000.0,255.0,,
92,noise 3 21093.0.png,0.0,0.0,,0.0,,,,,,,,,,,,,,,,,
93,noise 3 21094.0.png,0.0,0.0,,0.0,,,,,,,,,,,,,,,,,
94,noise 3 21095.0.png,1.0,40000.0,40000.0,100.0,255.0,255.0,797.6568603515625,225.6758270263672,225.6758270263672,0.0,0.7900192141532898,1.0,282.84271240234375,0.0,0.0,135.0,200.0,10200000.0,255.0,,
95,noise 3 21096.0.png,0.0,0.0,,0.0,,,,,,,,,,,,,,,,,
96,noise 3 21097.0.png,11.0,790.0,71.81818181818181,1.975,255.0,255.0,51.17508862235329,18.514958338303998,4.643601525913585,117.03361597928134,0.5203040946613658,0.6778843375769529,21.67607320438732,82.45454545454545,96.72727272727273,108.45016444813122,6.831765044819225,18313.636363636364,255.0,,
97,noise 3 21098.0.png,1.0,35821.0,35821.0,89.5525,255.0,255.0,880.57568359375,213.68324279785156,213.4407501220703,173.17034912109375,0.58051598072052,0.8955249786376953,282.84271240234375,0.0,0.0,135.0,200.0,9134355.0,255.0,,
98,noise 3 21099.0.png,1.0,38192.0,38192.0,95.48,255.0,255.0,840.7350463867188,220.54647827148438,220.4866943359375,42.91124725341797,0.67899090051651,0.954800009727478,282.84271240234375,0.0,0.0,135.0,200.0,9738960.0,255.0,,
99,noise 3 21100.0.png,1.0,40000.0,40000.0,100.0,255.0,255.0,797.6568603515625,225.6758270263672,225.6758270263672,0.0,0.7900192141532898,1.0,282.84271240234375,0.0,0.0,135.0,200.0,10200000.0,255.0,,
